Timestamp,User Count,Type,Name,Requests/s,Failures/s,50%,66%,75%,80%,90%,95%,98%,99%,99.9%,99.99%,100%,Total Request Count,Total Failure Count,Total Median Response Time,Total Average Response Time,Total Min Response Time,Total Max Response Time,Total Average Content Size
1790174032,0,,Aggregated,0.000000,0.000000,N/A,N/A,N/A,N/A,N/A,N/A,N/A,N/A,N/A,N/A,N/A,0,0,0,0.0,0,0,0
1790174033,10,,Aggregated,0.000000,0.000000,67,72,73,76,84,92,98,100,100,100,100,100,0,66,68.34977256996353,51.365540999540826,99.95658400112006,74.0
1790174034,10,,Aggregated,0.000000,0.000000,66,72,74,78,91,95,100,110,110,110,110,200,0,66,67.50735623498258,11.820917001386988,108.30087499925867,74.0
1790174035,10,,Aggregated,50.000000,0.000000,64,69,73,75,85,93,100,100,110,110,110,300,0,64,62.02406609664346,9.973709000405506,108.30087499925867,74.0
1790174036,10,,Aggregated,75.000000,0.000000,61,67,72,74,85,93,100,110,120,120,120,400,0,61,57.97351728499052,3.121166000710218,116.29341700063378,74.0
1790174037,10,,Aggregated,83.333333,0.000000,55,65,69,72,81,92,100,110,120,120,120,500,0,55,48.71822823996263,2.714166999794543,116.29341700063378,74.0
1790174038,10,,Aggregated,87.500000,0.000000,47,62,67,70,78,91,98,100,120,120,120,600,0,46,44.73171130495757,2.714166999794543,116.29341700063378,74.0
1790174039,10,,Aggregated,90.000000,0.000000,41,61,67,70,78,91,98,100,120,120,120,700,0,41,42.922905408535634,2.714166999794543,116.29341700063378,74.0
1790174040,10,,Aggregated,91.666667,0.000000,35,56,64,68,76,87,96,100,120,120,120,800,0,34,39.77484645120285,2.714166999794543,116.29341700063378,74.0
1790174041,10,,Aggregated,92.857143,0.000000,31,52,62,66,75,85,95,100,120,120,120,900,0,31,37.172559435512085,2.714166999794543,116.29341700063378,74.0
1790174042,10,,Aggregated,93.750000,0.000000,30,50,61,65,75,85,93,100,110,120,120,1002,0,30,36.52218995006489,2.714166999794543,116.29341700063378,74.0
